id,status,reason
JTCFBWNDENCPFFOZPDK44JJEQA,SUCCESS,
RF36ELX6ZRERBCJBMKGA7HBWBU,SUCCESS,
L6GN3MLTDVHJRMDF7ZBIBDXQHM,SUCCESS,
TOIFMZ2VDZGTPOGTYYOL3FAJ5M,SUCCESS,
T5H7Z6KVBFF3NGBBIFVOSHZOVM,SUCCESS,
IRQOGWDD5JC2RF7AL6YQA23PRA,SUCCESS,
PBUJKHAOKNFMBAG5Z4XDPIY7QI,SUCCESS,
ZEIGPW2YJZDTNERH5W3M2FKQ4A,SUCCESS,
OT6SFEP7RZBNHE4NDLRCVWOSOU,SUCCESS,
ULTEG77EKRBMJKCW7IVJRU5OUQ,SUCCESS,
5MUEHHA35NHSHKQV3KDIVLOYUA,SUCCESS,
QSKOJBN34NDEZJQUIGMPSKX42E,SUCCESS,
I7ZS4UWMVRFXZMDLJMQW7FNL5U,SUCCESS,
AP23FZGLGVDOLOBKINF3ILPBII,SUCCESS,
TLR3IXQ2CBHPDO7H52KQUDBQ5E,SUCCESS,
XCR5ZS34YBBPLJ4U2VIMSN5274,SUCCESS,
3D7QNFCLPZDJNFQD7JWNZX7NH4,SUCCESS,
2FSDVCMJYZDULBQCHOF3SF7CSE,SUCCESS,
552STPGVMNAOXCHXAXA6XHK6GA,SUCCESS,
G72554CBFBHZJKMKXWL3HSOX7M,SUCCESS,
JGA2BIT64JEKZAK2R6BC47ULUE,SUCCESS,
5T2ASONNNFD7BP6K732PFG32CA,SUCCESS,
GHKGSCEGUJHC7M2R2VLW6ZSIPA,SUCCESS,
ETT37IIIUFHZFP7C3EE6IQQ7YE,SUCCESS,
VM6GGVBC6RGXTALNHQQT4F4HXM,SUCCESS,
XKNK7K5YNRGFBCWXCGPX3J35PM,SUCCESS,
PGHPSYPEWBF6ZC652YLIMNNE4E,SUCCESS,
IATLFPXSUZDNTF6LQ5QF4BGUH4,SUCCESS,
5S2UHG6RV5G2JOJQPRUIXM7LAU,SUCCESS,
5TFPVIRYT5BOXMC6JRQXGYF26Y,SUCCESS,
XNFID4CCL5E5LMJDBYJQJMBRCM,SUCCESS,
IVTCH3JH4BBZNCDIK4AFDJCAYE,SUCCESS,
CUHYPZH77BGCXPI2SSJDOVNQLY,SUCCESS,
WHQULF4Z6NGP3GCSIOSUVSNOYE,SUCCESS,
DCS57SUXQZDSTFC3KTP47QO47U,SUCCESS,
YJ4NCL4TN5A5JBIGZCHMRKK4R4,SUCCESS,
5QVHU5YKHVCUFL5G2L7QIYSYTY,SUCCESS,
KNQJREAL2JBJFGZHQRRYCLFDOM,SUCCESS,
YG3YF6F5H5HKLBSKFA76BOIXHQ,SUCCESS,
4DBOQLVRS5CM7ODP2KOC3H4B3Q,SUCCESS,
GQF2XBCNO5EJ7OUJ44PITEKHK4,SUCCESS,
7QIETJFELBDVPFFJJSRVXQ6GLA,SUCCESS,
VKAGZ3WZ7NFJPEOATVA2RTM7RU,SUCCESS,
2KGLAIGGY5EXLOVQGIRM4XTLXU,SUCCESS,
V4T3YI43TFA4FOPVLABJS3VLLU,SUCCESS,
WE5GROXSHVAXPO6ZAOYMV65KDY,SUCCESS,
PCNAP7EAAVEONL4KROK3R574C4,SUCCESS,
BPU74ZWZK5DBNORLVSF7FWROZU,SUCCESS,
7VQXMIUFSFBY7KTUJTBBEFOPIQ,SUCCESS,
5KRZIWXTEFB6NIJKG6XQV7BUV4,SUCCESS,
